Original,Anonymized
RM001,EMP00001
RM002,EMP00002
RM003,EMP00003
RM004,EMP00004
RM005,EMP00005
RM006,EMP00006
RM007,EMP00007
RM008,EMP00008
RM009,EMP00009
RM010,EMP00010
RM011,EMP00011
RM012,EMP00012
RM013,EMP00013
RM014,EMP00014
RM015,EMP00015
RM016,EMP00016
RM017,EMP00017
RM018,EMP00018
RM019,EMP00019
RM020,EMP00020
RM021,EMP00021
RM022,EMP00022
RM023,EMP00023
RM024,EMP00024
RM025,EMP00025
RM026,EMP00026
RM027,EMP00027
RM028,EMP00028
RM029,EMP00029
RM030,EMP00030
RM031,EMP00031
RM032,EMP00032
RM033,EMP00033
RM034,EMP00034
RM035,EMP00035
RM036,EMP00036
RM037,EMP00037
RM038,EMP00038
RM039,EMP00039
RM040,EMP00040
RM041,EMP00041
RM042,EMP00042
RM043,EMP00043
RM044,EMP00044
RM045,EMP00045
RM046,EMP00046
RM047,EMP00047
RM048,EMP00048
RM049,EMP00049
RM050,EMP00050
RM051,EMP00051
RM052,EMP00052
RM053,EMP00053
RM054,EMP00054
RM055,EMP00055
RM056,EMP00056
RM057,EMP00057
RM058,EMP00058
RM059,EMP00059
RM060,EMP00060
RM061,EMP00061
RM062,EMP00062
RM063,EMP00063
RM064,EMP00064
RM065,EMP00065
RM066,EMP00066
RM067,EMP00067
RM068,EMP00068
RM069,EMP00069
RM070,EMP00070
RM071,EMP00071
RM072,EMP00072
RM073,EMP00073
RM074,EMP00074
RM075,EMP00075
RM076,EMP00076
RM077,EMP00077
RM078,EMP00078
RM079,EMP00079
RM080,EMP00080
RM081,EMP00081
RM082,EMP00082
RM083,EMP00083
RM084,EMP00084
RM085,EMP00085
RM086,EMP00086
RM087,EMP00087
RM088,EMP00088
RM089,EMP00089
RM090,EMP00090
RM091,EMP00091
RM092,EMP00092
RM093,EMP00093
RM094,EMP00094
RM095,EMP00095
RM096,EMP00096
RM097,EMP00097
RM098,EMP00098
RM099,EMP00099
RM100,EMP00100
RM1000,EMP00101
RM1001,EMP00102
RM1002,EMP00103
RM1003,EMP00104
RM1004,EMP00105
RM1005,EMP00106
RM1006,EMP00107
RM1007,EMP00108
RM1008,EMP00109
RM1009,EMP00110
RM101,EMP00111
RM1010,EMP00112
RM1011,EMP00113
RM1012,EMP00114
RM1013,EMP00115
RM1014,EMP00116
RM1015,EMP00117
RM1016,EMP00118
RM1017,EMP00119
RM1018,EMP00120
RM1019,EMP00121
RM102,EMP00122
RM1020,EMP00123
RM1021,EMP00124
RM1022,EMP00125
RM1023,EMP00126
RM1024,EMP00127
RM1025,EMP00128
RM1026,EMP00129
RM1027,EMP00130
RM1028,EMP00131
RM1029,EMP00132
RM103,EMP00133
RM1030,EMP00134
RM1031,EMP00135
RM1032,EMP00136
RM1033,EMP00137
RM1034,EMP00138
RM1035,EMP00139
RM1036,EMP00140
RM1037,EMP00141
RM1038,EMP00142
RM1039,EMP00143
RM104,EMP00144
RM1040,EMP00145
RM1041,EMP00146
RM1042,EMP00147
RM1043,EMP00148
RM1044,EMP00149
RM1045,EMP00150
RM1046,EMP00151
RM1047,EMP00152
RM1048,EMP00153
RM1049,EMP00154
RM105,EMP00155
RM1050,EMP00156
RM1051,EMP00157
RM1052,EMP00158
RM1053,EMP00159
RM1054,EMP00160
RM1055,EMP00161
RM1056,EMP00162
RM1057,EMP00163
RM1058,EMP00164
RM1059,EMP00165
RM106,EMP00166
RM1060,EMP00167
RM1061,EMP00168
RM1062,EMP00169
RM1063,EMP00170
RM1064,EMP00171
RM1065,EMP00172
RM1066,EMP00173
RM1067,EMP00174
RM1068,EMP00175
RM1069,EMP00176
RM107,EMP00177
RM1070,EMP00178
RM1071,EMP00179
RM1072,EMP00180
RM1073,EMP00181
RM1074,EMP00182
RM1075,EMP00183
RM1076,EMP00184
RM1077,EMP00185
RM1078,EMP00186
RM1079,EMP00187
RM108,EMP00188
RM1080,EMP00189
RM1081,EMP00190
RM1082,EMP00191
RM1083,EMP00192
RM1084,EMP00193
RM1085,EMP00194
RM1086,EMP00195
RM1087,EMP00196
RM1088,EMP00197
RM1089,EMP00198
RM109,EMP00199
RM1090,EMP00200
RM1091,EMP00201
RM1092,EMP00202
RM1093,EMP00203
RM1094,EMP00204
RM1095,EMP00205
RM1096,EMP00206
RM1097,EMP00207
RM1098,EMP00208
RM1099,EMP00209
RM110,EMP00210
RM1100,EMP00211
RM1101,EMP00212
RM1102,EMP00213
RM1103,EMP00214
RM1104,EMP00215
RM1105,EMP00216
RM1106,EMP00217
RM1107,EMP00218
RM1108,EMP00219
RM1109,EMP00220
RM111,EMP00221
RM1110,EMP00222
RM1111,EMP00223
RM1112,EMP00224
RM1113,EMP00225
RM1114,EMP00226
RM1115,EMP00227
RM1116,EMP00228
RM1117,EMP00229
RM1118,EMP00230
RM1119,EMP00231
RM112,EMP00232
RM1120,EMP00233
RM1121,EMP00234
RM1122,EMP00235
RM1123,EMP00236
RM1124,EMP00237
RM1125,EMP00238
RM1126,EMP00239
RM1127,EMP00240
RM1128,EMP00241
RM1129,EMP00242
RM113,EMP00243
RM1130,EMP00244
RM1131,EMP00245
RM1132,EMP00246
RM1133,EMP00247
RM1134,EMP00248
RM1135,EMP00249
RM1136,EMP00250
RM1137,EMP00251
RM1138,EMP00252
RM1139,EMP00253
RM114,EMP00254
RM1140,EMP00255
RM1141,EMP00256
RM1142,EMP00257
RM1143,EMP00258
RM1144,EMP00259
RM1145,EMP00260
RM1146,EMP00261
RM1147,EMP00262
RM1148,EMP00263
RM1149,EMP00264
RM115,EMP00265
RM1150,EMP00266
RM1151,EMP00267
RM1152,EMP00268
RM1153,EMP00269
RM1154,EMP00270
RM1155,EMP00271
RM1156,EMP00272
RM1157,EMP00273
RM1158,EMP00274
RM1159,EMP00275
RM116,EMP00276
RM1160,EMP00277
RM1161,EMP00278
RM1162,EMP00279
RM1163,EMP00280
RM1164,EMP00281
RM1165,EMP00282
RM1166,EMP00283
RM1167,EMP00284
RM1168,EMP00285
RM1169,EMP00286
RM117,EMP00287
RM1170,EMP00288
RM1171,EMP00289
RM1172,EMP00290
RM1173,EMP00291
RM1174,EMP00292
RM1175,EMP00293
RM1176,EMP00294
RM1177,EMP00295
RM1178,EMP00296
RM1179,EMP00297
RM118,EMP00298
RM1180,EMP00299
RM1181,EMP00300
RM1182,EMP00301
RM1183,EMP00302
RM1184,EMP00303
RM1185,EMP00304
RM1186,EMP00305
RM1187,EMP00306
RM1188,EMP00307
RM1189,EMP00308
RM119,EMP00309
RM1190,EMP00310
RM1191,EMP00311
RM1192,EMP00312
RM1193,EMP00313
RM1194,EMP00314
RM1195,EMP00315
RM1196,EMP00316
RM1197,EMP00317
RM1198,EMP00318
RM1199,EMP00319
RM120,EMP00320
RM1200,EMP00321
RM1201,EMP00322
RM1202,EMP00323
RM1203,EMP00324
RM1204,EMP00325
RM1205,EMP00326
RM1206,EMP00327
RM1207,EMP00328
RM1208,EMP00329
RM1209,EMP00330
RM121,EMP00331
RM1210,EMP00332
RM1211,EMP00333
RM1212,EMP00334
RM1213,EMP00335
RM1214,EMP00336
RM1215,EMP00337
RM1216,EMP00338
RM1217,EMP00339
RM1218,EMP00340
RM1219,EMP00341
RM122,EMP00342
RM1220,EMP00343
RM1221,EMP00344
RM1222,EMP00345
RM1223,EMP00346
RM1224,EMP00347
RM1225,EMP00348
RM1226,EMP00349
RM1227,EMP00350
RM1228,EMP00351
RM1229,EMP00352
RM123,EMP00353
RM1230,EMP00354
RM1231,EMP00355
RM1232,EMP00356
RM1233,EMP00357
RM1234,EMP00358
RM1235,EMP00359
RM1236,EMP00360
RM1237,EMP00361
RM1238,EMP00362
RM1239,EMP00363
RM124,EMP00364
RM1240,EMP00365
RM1241,EMP00366
RM1242,EMP00367
RM1243,EMP00368
RM1244,EMP00369
RM1245,EMP00370
RM1246,EMP00371
RM1247,EMP00372
RM1248,EMP00373
RM1249,EMP00374
RM125,EMP00375
RM1250,EMP00376
RM1251,EMP00377
RM1252,EMP00378
RM1253,EMP00379
RM1254,EMP00380
RM1255,EMP00381
RM1256,EMP00382
RM1257,EMP00383
RM1258,EMP00384
RM1259,EMP00385
RM126,EMP00386
RM1260,EMP00387
RM1261,EMP00388
RM1262,EMP00389
RM1263,EMP00390
RM1264,EMP00391
RM1265,EMP00392
RM1266,EMP00393
RM1267,EMP00394
RM1268,EMP00395
RM1269,EMP00396
RM127,EMP00397
RM1270,EMP00398
RM1271,EMP00399
RM1272,EMP00400
RM1273,EMP00401
RM1274,EMP00402
RM1275,EMP00403
RM1276,EMP00404
RM1277,EMP00405
RM1278,EMP00406
RM1279,EMP00407
RM128,EMP00408
RM1280,EMP00409
RM1281,EMP00410
RM1282,EMP00411
RM1283,EMP00412
RM1284,EMP00413
RM1285,EMP00414
RM1286,EMP00415
RM1287,EMP00416
RM1288,EMP00417
RM1289,EMP00418
RM129,EMP00419
RM1290,EMP00420
RM1291,EMP00421
RM1292,EMP00422
RM1293,EMP00423
RM1294,EMP00424
RM1295,EMP00425
RM1296,EMP00426
RM1297,EMP00427
RM1298,EMP00428
RM1299,EMP00429
RM130,EMP00430
RM1300,EMP00431
RM1301,EMP00432
RM1302,EMP00433
RM1303,EMP00434
RM1304,EMP00435
RM1305,EMP00436
RM1306,EMP00437
RM1307,EMP00438
RM1308,EMP00439
RM1309,EMP00440
RM131,EMP00441
RM1310,EMP00442
RM1311,EMP00443
RM1312,EMP00444
RM1313,EMP00445
RM1314,EMP00446
RM1315,EMP00447
RM1316,EMP00448
RM1317,EMP00449
RM1318,EMP00450
RM1319,EMP00451
RM132,EMP00452
RM1320,EMP00453
RM1321,EMP00454
RM1322,EMP00455
RM1323,EMP00456
RM1324,EMP00457
RM1325,EMP00458
RM1326,EMP00459
RM1327,EMP00460
RM1328,EMP00461
RM1329,EMP00462
RM133,EMP00463
RM1330,EMP00464
RM1331,EMP00465
RM1332,EMP00466
RM1333,EMP00467
RM1334,EMP00468
RM1335,EMP00469
RM1336,EMP00470
RM1337,EMP00471
RM1338,EMP00472
RM1339,EMP00473
RM134,EMP00474
RM1340,EMP00475
RM1341,EMP00476
RM1342,EMP00477
RM1343,EMP00478
RM1344,EMP00479
RM1345,EMP00480
RM1346,EMP00481
RM1347,EMP00482
RM1348,EMP00483
RM1349,EMP00484
RM135,EMP00485
RM1350,EMP00486
RM1351,EMP00487
RM1352,EMP00488
RM1353,EMP00489
RM1354,EMP00490
RM1355,EMP00491
RM1356,EMP00492
RM1357,EMP00493
RM1358,EMP00494
RM1359,EMP00495
RM136,EMP00496
RM1360,EMP00497
RM1361,EMP00498
RM1362,EMP00499
RM1363,EMP00500
RM1364,EMP00501
RM1365,EMP00502
RM1366,EMP00503
RM1367,EMP00504
RM1368,EMP00505
RM1369,EMP00506
RM137,EMP00507
RM1370,EMP00508
RM1371,EMP00509
RM1372,EMP00510
RM1373,EMP00511
RM1374,EMP00512
RM1375,EMP00513
RM1376,EMP00514
RM1377,EMP00515
RM1378,EMP00516
RM1379,EMP00517
RM138,EMP00518
RM1380,EMP00519
RM1381,EMP00520
RM1382,EMP00521
RM1383,EMP00522
RM1384,EMP00523
RM1385,EMP00524
RM1386,EMP00525
RM1387,EMP00526
RM1388,EMP00527
RM1389,EMP00528
RM139,EMP00529
RM1390,EMP00530
RM1391,EMP00531
RM1392,EMP00532
RM1393,EMP00533
RM1394,EMP00534
RM1395,EMP00535
RM1396,EMP00536
RM1397,EMP00537
RM1398,EMP00538
RM1399,EMP00539
RM140,EMP00540
RM1400,EMP00541
RM1401,EMP00542
RM1402,EMP00543
RM1403,EMP00544
RM1404,EMP00545
RM1405,EMP00546
RM1406,EMP00547
RM1407,EMP00548
RM1408,EMP00549
RM1409,EMP00550
RM141,EMP00551
RM1410,EMP00552
RM1411,EMP00553
RM1412,EMP00554
RM1413,EMP00555
RM1414,EMP00556
RM1415,EMP00557
RM1416,EMP00558
RM1417,EMP00559
RM1418,EMP00560
RM1419,EMP00561
RM142,EMP00562
RM1420,EMP00563
RM1421,EMP00564
RM1422,EMP00565
RM1423,EMP00566
RM1424,EMP00567
RM1425,EMP00568
RM1426,EMP00569
RM1427,EMP00570
RM1428,EMP00571
RM1429,EMP00572
RM143,EMP00573
RM1430,EMP00574
RM1431,EMP00575
RM1432,EMP00576
RM1433,EMP00577
RM1434,EMP00578
RM1435,EMP00579
RM1436,EMP00580
RM1437,EMP00581
RM1438,EMP00582
RM1439,EMP00583
RM144,EMP00584
RM1440,EMP00585
RM1441,EMP00586
RM1442,EMP00587
RM1443,EMP00588
RM1444,EMP00589
RM1445,EMP00590
RM1446,EMP00591
RM1447,EMP00592
RM1448,EMP00593
RM1449,EMP00594
RM145,EMP00595
RM1450,EMP00596
RM1451,EMP00597
RM1452,EMP00598
RM1453,EMP00599
RM1454,EMP00600
RM1455,EMP00601
RM1456,EMP00602
RM1457,EMP00603
RM1458,EMP00604
RM1459,EMP00605
RM146,EMP00606
RM1460,EMP00607
RM1461,EMP00608
RM1462,EMP00609
RM1463,EMP00610
RM1464,EMP00611
RM1465,EMP00612
RM1466,EMP00613
RM1467,EMP00614
RM1468,EMP00615
RM1469,EMP00616
RM147,EMP00617
RM1470,EMP00618
RM148,EMP00619
RM149,EMP00620
RM150,EMP00621
RM151,EMP00622
RM152,EMP00623
RM153,EMP00624
RM154,EMP00625
RM155,EMP00626
RM156,EMP00627
RM157,EMP00628
RM158,EMP00629
RM159,EMP00630
RM160,EMP00631
RM161,EMP00632
RM162,EMP00633
RM163,EMP00634
RM164,EMP00635
RM165,EMP00636
RM166,EMP00637
RM167,EMP00638
RM168,EMP00639
RM169,EMP00640
RM170,EMP00641
RM171,EMP00642
RM172,EMP00643
RM173,EMP00644
RM174,EMP00645
RM175,EMP00646
RM176,EMP00647
RM177,EMP00648
RM178,EMP00649
RM179,EMP00650
RM180,EMP00651
RM181,EMP00652
RM182,EMP00653
RM183,EMP00654
RM184,EMP00655
RM185,EMP00656
RM186,EMP00657
RM187,EMP00658
RM188,EMP00659
RM189,EMP00660
RM190,EMP00661
RM191,EMP00662
RM192,EMP00663
RM193,EMP00664
RM194,EMP00665
RM195,EMP00666
RM196,EMP00667
RM197,EMP00668
RM198,EMP00669
RM199,EMP00670
RM200,EMP00671
RM201,EMP00672
RM202,EMP00673
RM203,EMP00674
RM204,EMP00675
RM205,EMP00676
RM206,EMP00677
RM207,EMP00678
RM208,EMP00679
RM209,EMP00680
RM210,EMP00681
RM211,EMP00682
RM212,EMP00683
RM213,EMP00684
RM214,EMP00685
RM215,EMP00686
RM216,EMP00687
RM217,EMP00688
RM218,EMP00689
RM219,EMP00690
RM220,EMP00691
RM221,EMP00692
RM222,EMP00693
RM223,EMP00694
RM224,EMP00695
RM225,EMP00696
RM226,EMP00697
RM227,EMP00698
RM228,EMP00699
RM229,EMP00700
RM230,EMP00701
RM231,EMP00702
RM232,EMP00703
RM233,EMP00704
RM234,EMP00705
RM235,EMP00706
RM236,EMP00707
RM237,EMP00708
RM238,EMP00709
RM239,EMP00710
RM240,EMP00711
RM241,EMP00712
RM242,EMP00713
RM243,EMP00714
RM244,EMP00715
RM245,EMP00716
RM246,EMP00717
RM247,EMP00718
RM248,EMP00719
RM249,EMP00720
RM250,EMP00721
RM251,EMP00722
RM252,EMP00723
RM253,EMP00724
RM254,EMP00725
RM255,EMP00726
RM256,EMP00727
RM257,EMP00728
RM258,EMP00729
RM259,EMP00730
RM260,EMP00731
RM261,EMP00732
RM262,EMP00733
RM263,EMP00734
RM264,EMP00735
RM265,EMP00736
RM266,EMP00737
RM267,EMP00738
RM268,EMP00739
RM269,EMP00740
RM270,EMP00741
RM271,EMP00742
RM272,EMP00743
RM273,EMP00744
RM274,EMP00745
RM275,EMP00746
RM276,EMP00747
RM277,EMP00748
RM278,EMP00749
RM279,EMP00750
RM280,EMP00751
RM281,EMP00752
RM282,EMP00753
RM283,EMP00754
RM284,EMP00755
RM285,EMP00756
RM286,EMP00757
RM287,EMP00758
RM288,EMP00759
RM289,EMP00760
RM290,EMP00761
RM291,EMP00762
RM292,EMP00763
RM293,EMP00764
RM294,EMP00765
RM295,EMP00766
RM296,EMP00767
RM297,EMP00768
RM298,EMP00769
RM299,EMP00770
RM300,EMP00771
RM301,EMP00772
RM302,EMP00773
RM303,EMP00774
RM304,EMP00775
RM305,EMP00776
RM306,EMP00777
RM307,EMP00778
RM308,EMP00779
RM309,EMP00780
RM310,EMP00781
RM311,EMP00782
RM312,EMP00783
RM313,EMP00784
RM314,EMP00785
RM315,EMP00786
RM316,EMP00787
RM317,EMP00788
RM318,EMP00789
RM319,EMP00790
RM320,EMP00791
RM321,EMP00792
RM322,EMP00793
RM323,EMP00794
RM324,EMP00795
RM325,EMP00796
RM326,EMP00797
RM327,EMP00798
RM328,EMP00799
RM329,EMP00800
RM330,EMP00801
RM331,EMP00802
RM332,EMP00803
RM333,EMP00804
RM334,EMP00805
RM335,EMP00806
RM336,EMP00807
RM337,EMP00808
RM338,EMP00809
RM339,EMP00810
RM340,EMP00811
RM341,EMP00812
RM342,EMP00813
RM343,EMP00814
RM344,EMP00815
RM345,EMP00816
RM346,EMP00817
RM347,EMP00818
RM348,EMP00819
RM349,EMP00820
RM350,EMP00821
RM351,EMP00822
RM352,EMP00823
RM353,EMP00824
RM354,EMP00825
RM355,EMP00826
RM356,EMP00827
RM357,EMP00828
RM358,EMP00829
RM359,EMP00830
RM360,EMP00831
RM361,EMP00832
RM362,EMP00833
RM363,EMP00834
RM364,EMP00835
RM365,EMP00836
RM366,EMP00837
RM367,EMP00838
RM368,EMP00839
RM369,EMP00840
RM370,EMP00841
RM371,EMP00842
RM372,EMP00843
RM373,EMP00844
RM374,EMP00845
RM375,EMP00846
RM376,EMP00847
RM377,EMP00848
RM378,EMP00849
RM379,EMP00850
RM380,EMP00851
RM381,EMP00852
RM382,EMP00853
RM383,EMP00854
RM384,EMP00855
RM385,EMP00856
RM386,EMP00857
RM387,EMP00858
RM388,EMP00859
RM389,EMP00860
RM390,EMP00861
RM391,EMP00862
RM392,EMP00863
RM393,EMP00864
RM394,EMP00865
RM395,EMP00866
RM396,EMP00867
RM397,EMP00868
RM398,EMP00869
RM399,EMP00870
RM400,EMP00871
RM401,EMP00872
RM402,EMP00873
RM403,EMP00874
RM404,EMP00875
RM405,EMP00876
RM406,EMP00877
RM407,EMP00878
RM408,EMP00879
RM409,EMP00880
RM410,EMP00881
RM411,EMP00882
RM412,EMP00883
RM413,EMP00884
RM414,EMP00885
RM415,EMP00886
RM416,EMP00887
RM417,EMP00888
RM418,EMP00889
RM419,EMP00890
RM420,EMP00891
RM421,EMP00892
RM422,EMP00893
RM423,EMP00894
RM424,EMP00895
RM425,EMP00896
RM426,EMP00897
RM427,EMP00898
RM428,EMP00899
RM429,EMP00900
RM430,EMP00901
RM431,EMP00902
RM432,EMP00903
RM433,EMP00904
RM434,EMP00905
RM435,EMP00906
RM436,EMP00907
RM437,EMP00908
RM438,EMP00909
RM439,EMP00910
RM440,EMP00911
RM441,EMP00912
RM442,EMP00913
RM443,EMP00914
RM444,EMP00915
RM445,EMP00916
RM446,EMP00917
RM447,EMP00918
RM448,EMP00919
RM449,EMP00920
RM450,EMP00921
RM451,EMP00922
RM452,EMP00923
RM453,EMP00924
RM454,EMP00925
RM455,EMP00926
RM456,EMP00927
RM457,EMP00928
RM458,EMP00929
RM459,EMP00930
RM460,EMP00931
RM461,EMP00932
RM462,EMP00933
RM463,EMP00934
RM464,EMP00935
RM465,EMP00936
RM466,EMP00937
RM467,EMP00938
RM468,EMP00939
RM469,EMP00940
RM470,EMP00941
RM471,EMP00942
RM472,EMP00943
RM473,EMP00944
RM474,EMP00945
RM475,EMP00946
RM476,EMP00947
RM477,EMP00948
RM478,EMP00949
RM479,EMP00950
RM480,EMP00951
RM481,EMP00952
RM482,EMP00953
RM483,EMP00954
RM484,EMP00955
RM485,EMP00956
RM486,EMP00957
RM487,EMP00958
RM488,EMP00959
RM489,EMP00960
RM490,EMP00961
RM491,EMP00962
RM492,EMP00963
RM493,EMP00964
RM494,EMP00965
RM495,EMP00966
RM496,EMP00967
RM497,EMP00968
RM498,EMP00969
RM499,EMP00970
RM500,EMP00971
RM501,EMP00972
RM502,EMP00973
RM503,EMP00974
RM504,EMP00975
RM505,EMP00976
RM506,EMP00977
RM507,EMP00978
RM508,EMP00979
RM509,EMP00980
RM510,EMP00981
RM511,EMP00982
RM512,EMP00983
RM513,EMP00984
RM514,EMP00985
RM515,EMP00986
RM516,EMP00987
RM517,EMP00988
RM518,EMP00989
RM519,EMP00990
RM520,EMP00991
RM521,EMP00992
RM522,EMP00993
RM523,EMP00994
RM524,EMP00995
RM525,EMP00996
RM526,EMP00997
RM527,EMP00998
RM528,EMP00999
RM529,EMP01000
RM530,EMP01001
RM531,EMP01002
RM532,EMP01003
RM533,EMP01004
RM534,EMP01005
RM535,EMP01006
RM536,EMP01007
RM537,EMP01008
RM538,EMP01009
RM539,EMP01010
RM540,EMP01011
RM541,EMP01012
RM542,EMP01013
RM543,EMP01014
RM544,EMP01015
RM545,EMP01016
RM546,EMP01017
RM547,EMP01018
RM548,EMP01019
RM549,EMP01020
RM550,EMP01021
RM551,EMP01022
RM552,EMP01023
RM553,EMP01024
RM554,EMP01025
RM555,EMP01026
RM556,EMP01027
RM557,EMP01028
RM558,EMP01029
RM559,EMP01030
RM560,EMP01031
RM561,EMP01032
RM562,EMP01033
RM563,EMP01034
RM564,EMP01035
RM565,EMP01036
RM566,EMP01037
RM567,EMP01038
RM568,EMP01039
RM569,EMP01040
RM570,EMP01041
RM571,EMP01042
RM572,EMP01043
RM573,EMP01044
RM574,EMP01045
RM575,EMP01046
RM576,EMP01047
RM577,EMP01048
RM578,EMP01049
RM579,EMP01050
RM580,EMP01051
RM581,EMP01052
RM582,EMP01053
RM583,EMP01054
RM584,EMP01055
RM585,EMP01056
RM586,EMP01057
RM587,EMP01058
RM588,EMP01059
RM589,EMP01060
RM590,EMP01061
RM591,EMP01062
RM592,EMP01063
RM593,EMP01064
RM594,EMP01065
RM595,EMP01066
RM596,EMP01067
RM597,EMP01068
RM598,EMP01069
RM599,EMP01070
RM600,EMP01071
RM601,EMP01072
RM602,EMP01073
RM603,EMP01074
RM604,EMP01075
RM605,EMP01076
RM606,EMP01077
RM607,EMP01078
RM608,EMP01079
RM609,EMP01080
RM610,EMP01081
RM611,EMP01082
RM612,EMP01083
RM613,EMP01084
RM614,EMP01085
RM615,EMP01086
RM616,EMP01087
RM617,EMP01088
RM618,EMP01089
RM619,EMP01090
RM620,EMP01091
RM621,EMP01092
RM622,EMP01093
RM623,EMP01094
RM624,EMP01095
RM625,EMP01096
RM626,EMP01097
RM627,EMP01098
RM628,EMP01099
RM629,EMP01100
RM630,EMP01101
RM631,EMP01102
RM632,EMP01103
RM633,EMP01104
RM634,EMP01105
RM635,EMP01106
RM636,EMP01107
RM637,EMP01108
RM638,EMP01109
RM639,EMP01110
RM640,EMP01111
RM641,EMP01112
RM642,EMP01113
RM643,EMP01114
RM644,EMP01115
RM645,EMP01116
RM646,EMP01117
RM647,EMP01118
RM648,EMP01119
RM649,EMP01120
RM650,EMP01121
RM651,EMP01122
RM652,EMP01123
RM653,EMP01124
RM654,EMP01125
RM655,EMP01126
RM656,EMP01127
RM657,EMP01128
RM658,EMP01129
RM659,EMP01130
RM660,EMP01131
RM661,EMP01132
RM662,EMP01133
RM663,EMP01134
RM664,EMP01135
RM665,EMP01136
RM666,EMP01137
RM667,EMP01138
RM668,EMP01139
RM669,EMP01140
RM670,EMP01141
RM671,EMP01142
RM672,EMP01143
RM673,EMP01144
RM674,EMP01145
RM675,EMP01146
RM676,EMP01147
RM677,EMP01148
RM678,EMP01149
RM679,EMP01150
RM680,EMP01151
RM681,EMP01152
RM682,EMP01153
RM683,EMP01154
RM684,EMP01155
RM685,EMP01156
RM686,EMP01157
RM687,EMP01158
RM688,EMP01159
RM689,EMP01160
RM690,EMP01161
RM691,EMP01162
RM692,EMP01163
RM693,EMP01164
RM694,EMP01165
RM695,EMP01166
RM696,EMP01167
RM697,EMP01168
RM698,EMP01169
RM699,EMP01170
RM700,EMP01171
RM701,EMP01172
RM702,EMP01173
RM703,EMP01174
RM704,EMP01175
RM705,EMP01176
RM706,EMP01177
RM707,EMP01178
RM708,EMP01179
RM709,EMP01180
RM710,EMP01181
RM711,EMP01182
RM712,EMP01183
RM713,EMP01184
RM714,EMP01185
RM715,EMP01186
RM716,EMP01187
RM717,EMP01188
RM718,EMP01189
RM719,EMP01190
RM720,EMP01191
RM721,EMP01192
RM722,EMP01193
RM723,EMP01194
RM724,EMP01195
RM725,EMP01196
RM726,EMP01197
RM727,EMP01198
RM728,EMP01199
RM729,EMP01200
RM730,EMP01201
RM731,EMP01202
RM732,EMP01203
RM733,EMP01204
RM734,EMP01205
RM735,EMP01206
RM736,EMP01207
RM737,EMP01208
RM738,EMP01209
RM739,EMP01210
RM740,EMP01211
RM741,EMP01212
RM742,EMP01213
RM743,EMP01214
RM744,EMP01215
RM745,EMP01216
RM746,EMP01217
RM747,EMP01218
RM748,EMP01219
RM749,EMP01220
RM750,EMP01221
RM751,EMP01222
RM752,EMP01223
RM753,EMP01224
RM754,EMP01225
RM755,EMP01226
RM756,EMP01227
RM757,EMP01228
RM758,EMP01229
RM759,EMP01230
RM760,EMP01231
RM761,EMP01232
RM762,EMP01233
RM763,EMP01234
RM764,EMP01235
RM765,EMP01236
RM766,EMP01237
RM767,EMP01238
RM768,EMP01239
RM769,EMP01240
RM770,EMP01241
RM771,EMP01242
RM772,EMP01243
RM773,EMP01244
RM774,EMP01245
RM775,EMP01246
RM776,EMP01247
RM777,EMP01248
RM778,EMP01249
RM779,EMP01250
RM780,EMP01251
RM781,EMP01252
RM782,EMP01253
RM783,EMP01254
RM784,EMP01255
RM785,EMP01256
RM786,EMP01257
RM787,EMP01258
RM788,EMP01259
RM789,EMP01260
RM790,EMP01261
RM791,EMP01262
RM792,EMP01263
RM793,EMP01264
RM794,EMP01265
RM795,EMP01266
RM796,EMP01267
RM797,EMP01268
RM798,EMP01269
RM799,EMP01270
RM800,EMP01271
RM801,EMP01272
RM802,EMP01273
RM803,EMP01274
RM804,EMP01275
RM805,EMP01276
RM806,EMP01277
RM807,EMP01278
RM808,EMP01279
RM809,EMP01280
RM810,EMP01281
RM811,EMP01282
RM812,EMP01283
RM813,EMP01284
RM814,EMP01285
RM815,EMP01286
RM816,EMP01287
RM817,EMP01288
RM818,EMP01289
RM819,EMP01290
RM820,EMP01291
RM821,EMP01292
RM822,EMP01293
RM823,EMP01294
RM824,EMP01295
RM825,EMP01296
RM826,EMP01297
RM827,EMP01298
RM828,EMP01299
RM829,EMP01300
RM830,EMP01301
RM831,EMP01302
RM832,EMP01303
RM833,EMP01304
RM834,EMP01305
RM835,EMP01306
RM836,EMP01307
RM837,EMP01308
RM838,EMP01309
RM839,EMP01310
RM840,EMP01311
RM841,EMP01312
RM842,EMP01313
RM843,EMP01314
RM844,EMP01315
RM845,EMP01316
RM846,EMP01317
RM847,EMP01318
RM848,EMP01319
RM849,EMP01320
RM850,EMP01321
RM851,EMP01322
RM852,EMP01323
RM853,EMP01324
RM854,EMP01325
RM855,EMP01326
RM856,EMP01327
RM857,EMP01328
RM858,EMP01329
RM859,EMP01330
RM860,EMP01331
RM861,EMP01332
RM862,EMP01333
RM863,EMP01334
RM864,EMP01335
RM865,EMP01336
RM866,EMP01337
RM867,EMP01338
RM868,EMP01339
RM869,EMP01340
RM870,EMP01341
RM871,EMP01342
RM872,EMP01343
RM873,EMP01344
RM874,EMP01345
RM875,EMP01346
RM876,EMP01347
RM877,EMP01348
RM878,EMP01349
RM879,EMP01350
RM880,EMP01351
RM881,EMP01352
RM882,EMP01353
RM883,EMP01354
RM884,EMP01355
RM885,EMP01356
RM886,EMP01357
RM887,EMP01358
RM888,EMP01359
RM889,EMP01360
RM890,EMP01361
RM891,EMP01362
RM892,EMP01363
RM893,EMP01364
RM894,EMP01365
RM895,EMP01366
RM896,EMP01367
RM897,EMP01368
RM898,EMP01369
RM899,EMP01370
RM900,EMP01371
RM901,EMP01372
RM902,EMP01373
RM903,EMP01374
RM904,EMP01375
RM905,EMP01376
RM906,EMP01377
RM907,EMP01378
RM908,EMP01379
RM909,EMP01380
RM910,EMP01381
RM911,EMP01382
RM912,EMP01383
RM913,EMP01384
RM914,EMP01385
RM915,EMP01386
RM916,EMP01387
RM917,EMP01388
RM918,EMP01389
RM919,EMP01390
RM920,EMP01391
RM921,EMP01392
RM922,EMP01393
RM923,EMP01394
RM924,EMP01395
RM925,EMP01396
RM926,EMP01397
RM927,EMP01398
RM928,EMP01399
RM929,EMP01400
RM930,EMP01401
RM931,EMP01402
RM932,EMP01403
RM933,EMP01404
RM934,EMP01405
RM935,EMP01406
RM936,EMP01407
RM937,EMP01408
RM938,EMP01409
RM939,EMP01410
RM940,EMP01411
RM941,EMP01412
RM942,EMP01413
RM943,EMP01414
RM944,EMP01415
RM945,EMP01416
RM946,EMP01417
RM947,EMP01418
RM948,EMP01419
RM949,EMP01420
RM950,EMP01421
RM951,EMP01422
RM952,EMP01423
RM953,EMP01424
RM954,EMP01425
RM955,EMP01426
RM956,EMP01427
RM957,EMP01428
RM958,EMP01429
RM959,EMP01430
RM960,EMP01431
RM961,EMP01432
RM962,EMP01433
RM963,EMP01434
RM964,EMP01435
RM965,EMP01436
RM966,EMP01437
RM967,EMP01438
RM968,EMP01439
RM969,EMP01440
RM970,EMP01441
RM971,EMP01442
RM972,EMP01443
RM973,EMP01444
RM974,EMP01445
RM975,EMP01446
RM976,EMP01447
RM977,EMP01448
RM978,EMP01449
RM979,EMP01450
RM980,EMP01451
RM981,EMP01452
RM982,EMP01453
RM983,EMP01454
RM984,EMP01455
RM985,EMP01456
RM986,EMP01457
RM987,EMP01458
RM988,EMP01459
RM989,EMP01460
RM990,EMP01461
RM991,EMP01462
RM992,EMP01463
RM993,EMP01464
RM994,EMP01465
RM995,EMP01466
RM996,EMP01467
RM997,EMP01468
RM998,EMP01469
RM999,EMP01470
